"Scientific Name","Common Name","Where Listed","Region  ","ESA Listing Status  ","Group"
"Nerodia clarkii taeniata","Atlantic salt marsh snake","Wherever found","4","Threatened","Reptiles"
"Drosophila differens","Hawaiian picture-wing fly","Wherever found","1","Endangered","Insects"
"Fusconaia cuneolus","Finerayed pigtoe","Wherever found; Except where listed as Experimental Populations","4","Endangered","Clams"
"Ammodramus savannarum floridanus","Florida grasshopper sparrow","Wherever found","4","Endangered","Birds"
"Corvus leucognaphalus","White-necked crow","Wherever found","4","Endangered","Birds"
"Xyrauchen texanus","Razorback sucker","Wherever found","6","Endangered","Fishes"
"Sorex ornatus relictus","Buena Vista Lake ornate Shrew","Wherever found","8","Endangered","Mammals"
"Corvus hawaiiensis","Hawaiian crow","Wherever found","1","Endangered","Birds"
"Medionidus acutissimus","Alabama moccasinshell","Wherever found","4","Threatened","Clams"
"Falco femoralis septentrionalis","Northern Aplomado Falcon","Wherever found, except where listed as an experimental population","2","Endangered","Birds"
"Fusconaia masoni","Atlantic pigtoe","Wherever found","4","Threatened","Clams"
"Pleurocera foremani","Rough hornsnail","Wherever found","4","Endangered","Snails"
"Eucyclogobius newberryi","Tidewater goby","Wherever found","8","Endangered","Fishes"
"Pyrgulopsis roswellensis","Roswell springsnail","Wherever found","2","Endangered","Snails"
"Gila nigrescens","Chihuahua chub","Wherever found","2","Threatened","Fishes"
"Chasmistes brevirostris","Shortnose Sucker","Wherever found","8","Endangered","Fishes"
"Palmeria dolei","`Akohekohe (crested honeycreeper)","Wherever found","1","Endangered","Birds"
"Cryptobranchus alleganiensis bishopi","Ozark Hellbender","Wherever found","3","Endangered","Amphibians"
"Glaucidium brasilianum cactorum","Cactus ferruginous pygmy-owl","Wherever found","2","Threatened","Birds"
"Noturus placidus","Neosho madtom","Wherever found","6","Threatened","Fishes"
"Cyprinodon diabolis","Devils Hole pupfish","Wherever found","8","Endangered","Fishes"
"Partulina semicarinata","Lanai tree snail","Wherever found","1","Endangered","Snails"
"Crotalus willardi obscurus","New Mexican ridge-nosed rattlesnake","Wherever found","2","Threatened","Reptiles"
"Speyeria zerene hippolyta","Oregon silverspot butterfly","Wherever found","1","Threatened","Insects"
"Eleutherodactylus cooki","Guajon","Wherever found","4","Threatened","Amphibians"
"Euphilotes battoides allyni","El Segundo blue butterfly","Wherever found","8","Endangered","Insects"
"Catostomus discobolus yarrowi","Zuni bluehead Sucker","Wherever found","2","Endangered","Fishes"
"Dromus dromas","Dromedary pearlymussel","AL; Free-Flowing Reach of the Tennessee River below the Wilson Dam, Colbert and Lauderdale Counties, AL","4","Experimental Population, Non-Essential","Clams"
"Speyeria nokomis nokomis","Silverspot","Wherever found","6","Threatened","Insects"
"Notropis albizonatus","Palezone shiner","Wherever found","4","Endangered","Fishes"
"Lampsilis powellii","Arkansas fatmucket","Wherever found","4","Threatened","Clams"
"Cyprogenia aberti","Western fanshell","Wherever found","3","Threatened","Clams"
"Cicindelidia floridana","Miami tiger beetle","Wherever found","4","Endangered","Insects"
"Cyprinodon nevadensis mionectes","Ash Meadows Amargosa pupfish","Wherever found","8","Endangered","Fishes"
"Eurycea rathbuni","Texas blind salamander","Wherever found","2","Endangered","Amphibians"
"Speyeria zerene hippolyta","Oregon silverspot butterfly","","1","Experimental Population, Non-Essential","Insects"
"Rhinichthys osculus lethoporus","Independence Valley speckled dace","Wherever found","8","Endangered","Fishes"
"Villosa trabalis","Cumberland bean (pearlymussel)","Wherever found; Except where listed as Experimental Populations","4","Endangered","Clams"
"Aplodontia rufa nigra","Point Arena mountain beaver","Wherever found","8","Endangered","Mammals"
"Lampsilis streckeri","Speckled pocketbook","Wherever found","4","Endangered","Clams"
"Palaemonetes cummingi","Squirrel Chimney Cave shrimp","Wherever found","4","Threatened","Crustaceans"
"Leptoxis plicata","Plicate rocksnail","Wherever found","4","Endangered","Snails"
"Erimonax monachus","Spotfin Chub","Wherever found, except where listed as an experimental population","4","Threatened","Fishes"
"Ischnura luta","Rota blue damselfly","Wherever found","1","Endangered","Insects"
"Percina rex","Roanoke logperch","Wherever found","5","Endangered","Fishes"
"Anaxyrus canorus","Yosemite toad","Wherever found","8","Threatened","Amphibians"
"Cicurina vespera","Government Canyon Bat Cave meshweaver","Wherever found","2","Endangered","Arachnids"
"Noturus flavipinnis","Yellowfin madtom","Wherever found, except where listed as an experimental population","4","Threatened","Fishes"
"Pacifastacus fortis","Shasta crayfish","Wherever found","8","Endangered","Crustaceans"
"Cyclonaias necki","Guadalupe Orb","","2","Endangered","Clams"
"Gymnogyps californianus","California condor","Wherever found, except where listed as an experimental population","8","Endangered","Birds"
"Emballonura semicaudata rotensis","Pacific sheath-tailed Bat","Wherever found","1","Endangered","Mammals"
"Tiaroga cobitis","Loach minnow","Wherever found","2","Endangered","Fishes"
"Lepidochelys olivacea","Olive ridley sea turtle","Wherever found, except when listed as endangered under 50 CFR 224.101","1","Threatened","Reptiles"
"Drosophila hemipeza","Hawaiian picture-wing fly","Wherever found","1","Endangered","Insects"
"Cyprogenia stegaria","Fanshell","Wherever found","4","Endangered","Clams"
"Gopherus agassizii","Desert tortoise","Wherever found, except AZ south and east of Colorado R., and Mexico","8","Threatened","Reptiles"
"Anaea troglodyta floridalis","Florida leafwing Butterfly","Wherever found","4","Endangered","Insects"
"Rana muscosa","Mountain yellow-legged frog","Northern California DPS","8","Endangered","Amphibians"
"Anaxyrus baxteri","Wyoming Toad","Wherever found","6","Endangered","Amphibians"
"Texella reddelli","Bee Creek Cave harvestman","Wherever found","2","Endangered","Arachnids"
"Hemignathus wilsoni","akiapolaau","Wherever found","1","Endangered","Birds"
"Noturus stanauli","Pygmy madtom","Wherever found","4","Endangered","Fishes"
"Antilocapra americana sonoriensis","Sonoran pronghorn","Wherever found, except where listed as an experimental population","2","Endangered","Mammals"
"Chelonia mydas","Green sea turtle","North Atlantic DPS","4","Threatened","Reptiles"
"Pseudotryonia adamantina","Diamond Tryonia","Wherever found","2","Endangered","Snails"
"Parvaspina steinstansana","Tar River spinymussel","Wherever found","4","Endangered","Clams"
"Scaphirhynchus albus","Pallid sturgeon","Wherever found","6","Endangered","Fishes"
"Thomomys mazama tumuli","Tenino pocket gopher","Wherever found","1","Threatened","Mammals"
"Etheostoma spilotum","Kentucky arrow darter","Wherever found","4","Threatened","Fishes"
"Sylvilagus bachmani riparius","Riparian brush rabbit","Wherever found","8","Endangered","Mammals"
"Leptodea leptodon","Scaleshell mussel","Wherever found","3","Endangered","Clams"
"Medionidus walkeri","Suwannee moccasinshell","Wherever found","4","Threatened","Clams"
"Gopherus flavomarginatus","Bolson tortoise","Wherever found","2","Endangered","Reptiles"
"Buteo platypterus brunnescens","Puerto Rican broad-winged hawk","Wherever found","4","Endangered","Birds"
"Corynorhinus (=Plecotus) townsendii ingens","Ozark big-eared bat","Wherever found","2","Endangered","Mammals"
"Eurycea chisholmensis","Salado Salamander","Wherever found","2","Threatened","Amphibians"
"Achatinella spp.","Oahu tree snails","Wherever found","1","Endangered","Snails"
"Ambystoma californiense","California tiger Salamander","U.S.A. (CA - Santa Barbara County)","8","Endangered","Amphibians"
"Gammarus pecos","Pecos amphipod","Wherever found","2","Endangered","Crustaceans"
"Lynx canadensis","Canada Lynx","Wherever Found in Contiguous U.S.","6","Threatened","Mammals"
"Lemiox rimosus","Birdwing pearlymussel","Wherever found; Except where listed as Experimental Populations","4","Endangered","Clams"
"Alasmidonta atropurpurea","Cumberland elktoe","Wherever found","4","Endangered","Clams"
"Ictalurus pricei","Yaqui catfish","Wherever found","2","Threatened","Fishes"
"Gallirallus owstoni","Guam rail","Wherever found, except where listed as an experimental population","1","Endangered","Birds"
"Charadrius melodus","Piping Plover","[Atlantic Coast and Northern Great Plains populations] - Wherever found, except those areas where listed as endangered.","5","Threatened","Birds"
"Hesperia dacotae","Dakota Skipper","Wherever found","3","Threatened","Insects"
"Theliderma intermedia","Cumberland monkeyface (pearlymussel)","Wherever found; Except where listed as Experimental Populations","4","Endangered","Clams"
"Gallicolumba stairi","Friendly Ground-Dove","American Samoa DPS","1","Endangered","Birds"
"Speoplatyrhinus poulsoni","Alabama cavefish","Wherever found","4","Endangered","Fishes"
"Reithrodontomys raviventris","Salt marsh harvest mouse","wherever found","8","Endangered","Mammals"
"Obovaria retusa","Ring Pink","Wherever found","4","Endangered","Clams"
"Sistrurus catenatus","Eastern Massasauga (=rattlesnake)","Wherever found","3","Threatened","Reptiles"
"Juturnia kosteri","Koster's springsnail","Wherever found","2","Endangered","Snails"
"Chasmistes cujus","Cui-ui","Wherever found","8","Endangered","Fishes"
"Physella natricina","Snake River physa snail","Wherever found","1","Endangered","Snails"
"Streptocephalus woottoni","Riverside fairy shrimp","Wherever found","8","Endangered","Crustaceans"
"Elliptio chipolaensis","Chipola slabshell","Wherever found","4","Threatened","Clams"
"Drosophila ochrobasis","Hawaiian picture-wing fly","Wherever found","1","Endangered","Insects"
"Anolis roosevelti","Culebra Island giant anole","Wherever found","4","Endangered","Reptiles"
"Noturus baileyi","Smoky madtom","Wherever found","4","Endangered","Fishes"
"Etheostoma wapiti","Boulder darter","Wherever found","4","Endangered","Fishes"
"Erimonax monachus","Spotfin Chub","U.S.A. (TN-specified portions of the Tellico River; see 17.84(m)(1)(i))","4","Experimental Population, Non-Essential","Fishes"
"Batrisodes venyivi","Helotes mold beetle","Wherever found","2","Endangered","Insects"
"Marstonia pachyta","Armored snail","Wherever found","4","Endangered","Snails"
"Hylaeus anthracinus","Anthricinan yellow-faced bee","Wherever found","1","Endangered","Insects"
"Martes caurina","Pacific Marten, Coastal Distinct Population Segment","Wherever found","8","Threatened","Mammals"
"Dipodomys nitratoides nitratoides","Tipton kangaroo rat","Wherever found","8","Endangered","Mammals"
"Pleurobema taitianum","Heavy pigtoe","Wherever found","4","Endangered","Clams"
"Partula gibba","Humped tree snail","Wherever found","1","Endangered","Snails"
"Percina aurora","Pearl darter","Wherever found","4","Threatened","Fishes"
"Batrachoseps aridus","Desert slender salamander","Wherever found","8","Endangered","Amphibians"
"Strymon acis bartrami","Bartram's hairstreak Butterfly","Wherever found","4","Endangered","Insects"
"Lanius ludovicianus mearnsi","San Clemente loggerhead shrike","Wherever found","8","Endangered","Birds"
"Canis lupus","Gray wolf","MN","3","Threatened","Mammals"
"Etheostoma scotti","Cherokee darter","Wherever found","4","Threatened","Fishes"
"Gila robusta jordani","Pahranagat roundtail chub","Wherever found","8","Endangered","Fishes"
"Vetericaris chaceorum","Anchialine pool shrimp","Wherever found","1","Endangered","Crustaceans"
"Rhinichthys osculus nevadensis","Ash Meadows speckled dace","Wherever found","8","Endangered","Fishes"
"Etheostoma fonticola","Fountain darter","Wherever found","2","Endangered","Fishes"
"Pseudocopaeodes eunus obscurus","Carson wandering skipper","Wherever found","8","Endangered","Insects"
"Crocodylus acutus","American crocodile","U.S.A. (FL)","4","Threatened","Reptiles"
"Ptychobranchus subtentus","Fluted kidneyshell","Wherever found","4","Endangered","Clams"
"Lampsilis higginsii","Higgins eye (pearlymussel)","Wherever found","3","Endangered","Clams"
"Graptemys flavimaculata","Yellow-blotched map turtle","Wherever found","4","Threatened","Reptiles"
"Margaritifera marrianae","Alabama pearlshell","Wherever found","4","Endangered","Clams"
"Rana boylii","Foothill yellow-legged frog","South Sierra Distinct Population Segment (South Sierra DPS)","8","Endangered","Amphibians"
"Quadrula fragosa","Winged Mapleleaf","U.S.A. (AL-specified portions of the Tennessee River; see 17.85(a)(1))","4","Experimental Population, Non-Essential","Clams"
"Menidia extensa","Waccamaw silverside","Wherever found","4","Threatened","Fishes"
"Telespiza ultima","Nihoa finch","Wherever found","1","Endangered","Birds"
"Lepidomeda albivallis","White River spinedace","Wherever found","8","Endangered","Fishes"
"Gopherus polyphemus","Gopher tortoise","Western DPS","4","Threatened","Reptiles"
"Erinna newcombi","Newcomb's snail","Wherever found","1","Threatened","Snails"
"Amblyopsis rosae","Ozark cavefish","Wherever found","4","Threatened","Fishes"
"Notropis buccula","Smalleye Shiner","Wherever found","2","Endangered","Fishes"
"Pterodroma cahow","Bermuda petrel","Wherever found","4","Endangered","Birds"
"Antigone canadensis pulla","Mississippi sandhill crane","Wherever found","4","Endangered","Birds"
"Corvus kubaryi","Mariana (=aga) Crow","Wherever found","1","Endangered","Birds"
"Laterallus jamaicensis ssp. jamaicensis","Eastern Black rail","Wherever found","4","Threatened","Birds"
"Trimerotropis infantilis","Zayante band-winged grasshopper","Wherever found","8","Endangered","Insects"
"Etheostoma sellare","Maryland darter","Wherever found","5","Endangered","Fishes"
"Lepidurus packardi","Vernal pool tadpole shrimp","Wherever found","8","Endangered","Crustaceans"
"Telespiza cantans","Laysan finch","Wherever found","1","Endangered","Birds"
"Gopherus flavomarginatus","Bolson tortoise","","2","Endangered","Reptiles"
"Notropis oxyrhynchus","Sharpnose Shiner","Wherever found","2","Endangered","Fishes"
"Gymnogyps californianus","California condor","U.S.A. (specific portions of Arizona, Nevada, and Utah)","8","Experimental Population, Non-Essential","Birds"
"Cumberlandia monodonta","Spectaclecase (mussel)","Wherever found","3","Endangered","Clams"
"Hamiota altilis","Finelined pocketbook","Wherever found","4","Threatened","Clams"
"Orthalicus reses (not incl. nesodryas)","Stock Island tree snail","Wherever found","4","Threatened","Snails"
"Masticophis lateralis euryxanthus","Alameda whipsnake (=striped racer)","Wherever found","8","Threatened","Reptiles"
"Noturus flavipinnis","Yellowfin madtom","U.S.A. (TN-specified portions of the Tellico River; see 17.84(e)(1)(ii))","4","Experimental Population, Non-Essential","Fishes"
"Epioblasma obliquata","Purple Cat's paw (=Purple Cat's paw pearlymussel)","AL; Free-Flowing Reach of the Tennessee River below the Wilson Dam, Colbert and Lauderdale Counties, AL","3","Experimental Population, Non-Essential","Clams"
"Villosa perpurpurea","Purple bean","Wherever found","5","Endangered","Clams"
"Setophaga angelae","Elfin-woods warbler","Wherever found","4","Threatened","Birds"
"Novisuccinea chittenangoensis","Chittenango ovate amber snail","Wherever found","5","Threatened","Snails"
"Enhydra lutris nereis","Southern sea otter","Wherever found","8","Threatened","Mammals"
"Noturus flavipinnis","Yellowfin madtom","U.S.A. (TN, VA-specified portions of the Holston River and watershed; see 17.84(e)(1)(i))","4","Experimental Population, Non-Essential","Fishes"
"Pyrgus ruralis lagunae","Laguna Mountains skipper","Wherever found","8","Endangered","Insects"
"Chasiempis ibidis","Oahu elepaio","Wherever found","1","Endangered","Birds"
"Gambusia gaigei","Big Bend gambusia","Wherever found","2","Endangered","Fishes"
"Syncaris pacifica","California freshwater shrimp","Wherever found","8","Endangered","Crustaceans"
"Nerodia erythrogaster neglecta","Copperbelly water snake","Indiana north of 40 degrees north latitude, Michigan, Ohio","3","Threatened","Reptiles"
"Tayshaneta myopica","Tooth Cave spider","Wherever found","2","Endangered","Arachnids"
"Anas laysanensis","Laysan duck","Wherever found","1","Endangered","Birds"
"Salvelinus confluentus","Bull Trout","Clackamas River subbasin experimental population","1","Experimental Population, Non-Essential","Fishes"
"Necturus alabamensis","Black warrior (=Sipsey Fork) Waterdog","Wherever found","4","Endangered","Amphibians"
"Rhadine persephone","Tooth Cave ground beetle","Wherever found","2","Endangered","Insects"
"Euphydryas anicia cloudcrofti","Sacramento Mountains checkerspot Butterfly","Wherever found","2","Endangered","Insects"
"Habroscelimorpha dorsalis dorsalis","Northeastern beach tiger beetle","Wherever found","5","Threatened","Insects"
"Stygobromus hayi","Hay's Spring amphipod","Wherever found","5","Endangered","Crustaceans"
"Patagioenas inornata wetmorei","Puerto Rican plain Pigeon","Wherever found","4","Endangered","Birds"
"Myadestes lanaiensis rutha","Molokai `oloma`o","Wherever found","1","Endangered","Birds"
"Partulina variabilis","Lanai tree snail","Wherever found","1","Endangered","Snails"
"Pyrgulopsis bruneauensis","Bruneau Hot springsnail","Wherever found","1","Endangered","Snails"
"Gila purpurea","Yaqui chub","Wherever found","2","Endangered","Fishes"
"Cambarus callainus","Big Sandy crayfish","Wherever found","5","Threatened","Crustaceans"
"Acipenser oxyrinchus (=oxyrhynchus) desotoi","Gulf sturgeon","Wherever found","4","Threatened","Fishes"
"Procaris hawaiana","Anchialine pool Shrimp","Wherever found","1","Endangered","Crustaceans"
"Cambarus veteranus","Guyandotte River crayfish","Wherever found","5","Endangered","Crustaceans"
"Dromus dromas","Dromedary pearlymussel","U.S.A. (TN - specified portions of the French Broad and Holston Rivers; see 17.85(b)(1))","4","Experimental Population, Non-Essential","Clams"
"Percina williamsi","Sickle darter","Wherever found","4","Threatened","Fishes"
"Truncilla macrodon","Texas fawnsfoot","Wherever found","2","Threatened","Clams"
"Phoxinus cumberlandensis","Blackside dace","Wherever found","4","Threatened","Fishes"
"Polygyriscus virginianus","Virginia fringed mountain snail","Wherever found","5","Endangered","Snails"
"Setophaga chrysoparia","golden-cheeked warbler","Wherever found","2","Endangered","Birds"
"Euchloe ausonides insulanus","Island marble Butterfly","Wherever found","1","Endangered","Insects"
"Pleuronaia dolabelloides","Slabside Pearlymussel","Wherever found","4","Endangered","Clams"
"Drosophila sharpi","Hawaiian picture-wing fly","Wherever found","1","Endangered","Insects"
"Ambrysus amargosus","Ash Meadows naucorid","Wherever found","8","Threatened","Insects"
"Glyptemys muhlenbergii","bog turtle","Wherever found, except GA, NC, SC, TN, VA","5","Threatened","Reptiles"
"Partula radiolata","Guam tree snail","Wherever found","1","Endangered","Snails"
"Oncorhynchus clarkii henshawi","Lahontan cutthroat trout","Wherever found","8","Threatened","Fishes"
"Euphydryas editha taylori","Taylor's (=whulge) Checkerspot","Wherever found","1","Endangered","Insects"
"Tryonia alamosae","Alamosa springsnail","Wherever found","2","Endangered","Snails"
"Perognathus longimembris pacificus","Pacific pocket mouse","Wherever found","8","Endangered","Mammals"
"Salmo salar","Atlantic salmon","Gulf of Maine DPS","5","Endangered","Fishes"
"Hesperia leonardus montana","Pawnee montane skipper","Wherever found","6","Threatened","Insects"
"Erimystax cahni","Slender chub","U.S.A. (TN - specified portions of the French Broad and Holston  Rivers; see 17.84(s)(1)(i))","4","Experimental Population, Non-Essential","Fishes"
"Loxops coccineus","Hawaii akepa","Wherever found","1","Endangered","Birds"
"Dipodomys nitratoides exilis","Fresno kangaroo rat","Wherever found","8","Endangered","Mammals"
"Somatochlora hineana","Hine's emerald dragonfly","Wherever found","3","Endangered","Insects"
"Nicrophorus americanus","American burying beetle","Wherever found, except where listed as an experimental population","2","Threatened","Insects"
"Theliderma sparsa","Appalachian monkeyface (pearlymussel)","USA (TN - specified portions of the French Broad and Holston Rivers; see 17.85(b)(1))","4","Experimental Population, Non-Essential","Clams"
"Lasiurus cinereus semotus","Hawaiian hoary bat","Wherever found","1","Endangered","Mammals"
"Phoebastria (=Diomedea) albatrus","Short-tailed albatross","Wherever found","7","Endangered","Birds"
"Cicindela nevadica lincolniana","Salt Creek Tiger beetle","Wherever found","6","Endangered","Insects"
"Percina antesella","Amber darter","Wherever found","4","Endangered","Fishes"
"Tympanuchus cupido attwateri","Attwater's greater prairie-chicken","Wherever found","2","Endangered","Birds"
"Megalagrion xanthomelas","Orangeblack Hawaiian damselfly","Wherever found","1","Endangered","Insects"
"Hemileuca maia menyanthevora (=H. iroquois)","bog buck moth","Wherever found","5","Endangered","Insects"
"Myotis sodalis","Indiana bat","Wherever found","3","Endangered","Mammals"
"Tayshaneta microps","Government Canyon Bat Cave spider","Wherever found","2","Endangered","Arachnids"
"Graptemys ernsti","Escambia Map turtle","Wherever found","4","Similarity of Appearance (Threatened)","Reptiles"
"Lampsilis rafinesqueana","Neosho Mucket","Wherever found","4","Endangered","Clams"
"Discus macclintocki","Iowa Pleistocene snail","Wherever found","3","Endangered","Snails"
"Canis lupus baileyi","Mexican wolf","U.S.A. (portions of AZ and NM)see 17.84(k)","2","Experimental Population, Non-Essential","Mammals"
"Peromyscus polionotus phasma","Anastasia Island beach mouse","Wherever found","4","Endangered","Mammals"
"Theliderma intermedia","Cumberland monkeyface (pearlymussel)","U.S.A. (TN - specified portions of the French Broad and Holston Rivers; see 17.85(b)(1))","4","Experimental Population, Non-Essential","Clams"
"Bombus affinis","Rusty patched bumble bee","Wherever found","3","Endangered","Insects"
"Eremichthys acros","Desert dace","Wherever found","8","Threatened","Fishes"
"Dermochelys coriacea","Leatherback sea turtle","Wherever found","4","Endangered","Reptiles"
"Parvaspina collina","James spinymussel","Wherever found","5","Endangered","Clams"
"Cambarus aculabrum","Benton County cave crayfish","Wherever found","4","Endangered","Crustaceans"
"Deltistes luxatus","Lost River sucker","Wherever found","8","Endangered","Fishes"
"Heraclides aristodemus ponceanus","Schaus swallowtail butterfly","Wherever found","4","Endangered","Insects"
"Elliptoideus sloatianus","Purple bankclimber (mussel)","Wherever found","4","Threatened","Clams"
"Loxioides bailleui","Palila (honeycreeper)","Wherever found","1","Endangered","Birds"
"Grus americana","Whooping crane","Wherever found, except where listed as an experimental population","2","Endangered","Birds"
"Caracara plancus audubonii","Crested caracara (Audubon''''s) [FL DPS]","FL DPS","4","Threatened","Birds"
"Acrocephalus luscinia","Nightingale reed warbler (old world warbler)","Wherever found","1","Endangered","Birds"
"Canis lupus baileyi","Mexican wolf","Wherever found, except where listed as an experimental population","2","Endangered","Mammals"
"Dromus dromas","Dromedary pearlymussel","Wherever found; Except where listed as Experimental Populations","4","Endangered","Clams"
"Zapada glacier","Western glacier stonefly","Wherever found","6","Threatened","Insects"
"Phaeognathus hubrichti","Red Hills salamander","Wherever found","4","Threatened","Amphibians"
"Mustela nigripes","Black-footed ferret","Wherever found, except where listed as an experimental population","6","Endangered","Mammals"
"Cyprinodon radiosus","Owens pupfish","Wherever found","8","Endangered","Fishes"
"Pleurobema athearni","Canoe Creek Clubshell","Wherever found","4","Endangered","Clams"
"Fusconaia cor","Shiny pigtoe","AL; Free-Flowing Reach of the Tennessee River below the Wilson Dam, Colbert and Lauderdale Counties, AL","4","Experimental Population, Non-Essential","Clams"
"Ambystoma cingulatum","Frosted Flatwoods salamander","Wherever found","4","Threatened","Amphibians"
"Atlantea tulita","Puerto Rican harlequin butterfly","Wherever found","4","Threatened","Insects"
"Taylorconcha serpenticola","Bliss Rapids snail","Wherever found","1","Threatened","Snails"
"Speyeria zerene myrtleae","Myrtle's silverspot butterfly","Wherever found","8","Endangered","Insects"
"Rallus obsoletus obsoletus","California Ridgway''s rail","Wherever found","8","Endangered","Birds"
"Gambusia nobilis","Pecos gambusia","Wherever found","2","Endangered","Fishes"
"Vagrans egistina","Mariana wandering butterfly","Wherever found","1","Endangered","Insects"
"Oncorhynchus clarkii seleniris","Paiute cutthroat trout","Wherever found","8","Threatened","Fishes"
"Etheostoma chienense","Relict darter","Wherever found","4","Threatened","Fishes"
"Ovis canadensis nelsoni","Peninsular bighorn sheep","Peninsular CA pop.","8","Endangered","Mammals"
"Chrosomus saylori","Laurel dace","Wherever found","4","Endangered","Fishes"
"Aerodramus bartschi","Mariana swiftlet","Wherever found","1","Endangered","Birds"
"Psittirostra psittacea","`O`u (honeycreeper)","Wherever found","1","Endangered","Birds"
"Bison bison athabascae","Wood Bison","Alaska Experimental Population","7","Experimental Population, Non-Essential","Mammals"
"Cicurina madla","Madla Cave Meshweaver","Wherever found","2","Endangered","Arachnids"
"Pleurobema decisum","Southern clubshell","Wherever found","4","Endangered","Clams"
"Hylaeus facilis","Easy yellow-faced bee","Wherever found","1","Endangered","Insects"
"Fusconaia subrotunda","Longsolid","Wherever found","4","Threatened","Clams"
"Megalagrion pacificum","Pacific Hawaiian damselfly","Wherever found","1","Endangered","Insects"
"Polioptila californica californica","Coastal California gnatcatcher","Wherever found","8","Threatened","Birds"
"Popenaias popeii","Texas Hornshell","Wherever found","2","Endangered","Clams"
"Epioblasma obliquata","Purple Cat's paw (=Purple Cat's paw pearlymussel)","Wherever found; Except where listed as Experimental Populations","3","Endangered","Clams"
"Fulica alai","Hawaiian coot (alae ke`oke`o)","Wherever found","1","Endangered","Birds"
"Hemistena lata","Cracking pearlymussel","AL; Free-Flowing Reach of the Tennessee River below the Wilson Dam, Colbert and Lauderdale Counties, AL","4","Experimental Population, Non-Essential","Clams"
"Helminthoglypta walkeriana","Morro shoulderband (=Banded dune) snail","Wherever found","8","Threatened","Snails"
"Sterna dougallii dougallii","Roseate tern","Northeast U.S. nesting population","5","Endangered","Birds"
"Etheostoma moorei","Yellowcheek Darter","Wherever found","4","Endangered","Fishes"
"Etheostoma phytophilum","Rush Darter","Wherever found","4","Endangered","Fishes"
"Drepanis coccinea","`I`iwi","Wherever found","1","Threatened","Birds"
"Himantopus mexicanus knudseni","Hawaiian stilt","Wherever found","1","Endangered","Birds"
"Pyrgulopsis trivialis","Three Forks Springsnail","Wherever found","2","Endangered","Snails"
"Notropis cahabae","Cahaba shiner","Wherever found","4","Endangered","Fishes"
"Melozone crissalis eremophilus","Inyo California towhee","Wherever found","8","Threatened","Birds"
"Antrolana lira","Madison Cave isopod","Wherever found","5","Threatened","Crustaceans"
"Etheostoma akatulo","bluemask darter","Wherever found","4","Endangered","Fishes"
"Gila ditaenia","Sonora chub","Wherever found","2","Threatened","Fishes"
"Obovaria retusa","Ring Pink","U.S.A. (TN - specified portions of the French Broad and Holston Rivers; see 17.85(b)(1))","4","Experimental Population, Non-Essential","Clams"
"Drosophila montgomeryi","Hawaiian picture-wing fly","Wherever found","1","Endangered","Insects"
"Cicindela ohlone","Ohlone tiger beetle","Wherever found","8","Endangered","Insects"
"Dinacoma caseyi","Casey's June Beetle","Wherever found","8","Endangered","Insects"
"Lepidochelys olivacea","Olive ridley sea turtle","Breeding colony populations on Pacific coast of Mexico","4","Endangered","Reptiles"
"Gammarus hyalleloides","Diminutive Amphipod","Wherever found","2","Endangered","Crustaceans"
"Elaphrus viridis","Delta green ground beetle","Wherever found","8","Threatened","Insects"
"Texamaurops reddelli","Kretschmarr Cave mold beetle","Wherever found","2","Endangered","Insects"
"Erimystax cahni","Slender chub","Wherever found","4","Threatened","Fishes"
"Thomomys mazama pugetensis","Olympia pocket gopher","Wherever found","1","Threatened","Mammals"
"Chasmistes liorus","June sucker","Wherever found","6","Threatened","Fishes"
"Paroreomyza maculata","O`ahu `alauahio","Wherever found","1","Endangered","Birds"
"Thomomys mazama glacialis","Roy Prairie pocket gopher","Wherever found","1","Threatened","Mammals"
"Crenichthys baileyi grandis","Hiko White River springfish","Wherever found","8","Endangered","Fishes"
"Sterna dougallii dougallii","Roseate tern","Western Hemisphere except NE U.S.","4","Threatened","Birds"
"Villosa trabalis","Cumberland bean (pearlymussel)","U.S.A. (TN - specified portions of the French Broad and Holston Rivers; see 17.85(b)(1))","4","Experimental Population, Non-Essential","Clams"
"Plethobasus cicatricosus","White wartyback (pearlymussel)","U.S.A. (TN - specified portions of the French Broad and Holston Rivers; see 17.85(b)(1))","4","Experimental Population, Non-Essential","Clams"
"Drosophila digressa","Hawaiian picture-wing fly","Wherever found","1","Endangered","Insects"
"Branchinecta sandiegonensis","San Diego fairy shrimp","Wherever found","8","Endangered","Crustaceans"
"Epioblasma capsaeformis","Oyster mussel","AL; Free-Flowing Reach of the Tennessee River below the Wilson Dam, Colbert and Lauderdale Counties, AL","4","Experimental Population, Non-Essential","Clams"
"Pleurobema clava","Clubshell","Wherever found; Except where listed as Experimental Populations","5","Endangered","Clams"
"Athearnia anthonyi","Anthony's riversnail","Wherever found; Except where listed as Experimental Populations","4","Endangered","Snails"
"Sylvilagus palustris hefneri","Lower Keys marsh rabbit","Wherever found","4","Endangered","Mammals"
"Lampsilis abrupta","Pink mucket (pearlymussel)","Wherever found","3","Endangered","Clams"
"Etheostoma nianguae","Niangua darter","Wherever found","3","Threatened","Fishes"
"Pyrgulopsis neomexicana","Socorro springsnail","Wherever found","2","Endangered","Snails"
"Campephilus principalis","Ivory-billed woodpecker","Wherever found","4","Endangered","Birds"
"Epioblasma curtisii","Curtis Pearlymussel","Wherever found","3","Endangered","Clams"
"Obovaria subrotunda","Round hickorynut","Wherever found","3","Threatened","Clams"
"Ammospiza maritima mirabilis","Cape Sable seaside sparrow","Wherever found","4","Endangered","Birds"
"Gallinula galeata sandvicensis","Hawaiian common gallinule","Wherever found","1","Endangered","Birds"
"Quadrula cylindrica strigillata","Rough rabbitsfoot","Wherever found","5","Endangered","Clams"
"Percina jenkinsi","Conasauga logperch","Wherever found","4","Endangered","Fishes"
"Gymnogyps californianus","California condor","Pacific Northwest NEP","8","Experimental Population, Non-Essential","Birds"
"Pyrgulopsis bernardina","San Bernardino springsnail","Wherever found","2","Threatened","Snails"
"Sceloporus arenicolus","Dunes sagebrush lizard","Wherever found","2","Endangered","Reptiles"
"Vulpes vulpes necator","Sierra Nevada red fox","","8","Endangered","Mammals"
"Pterodroma hasitata","Black-capped Petrel","Wherever found","4","Endangered","Birds"
"Lampsilis virescens","Alabama lampmussel","Wherever found; Except where listed as Experimental Populations","4","Endangered","Clams"
"Pleuronaia gibber","Cumberland pigtoe","Wherever found","4","Endangered","Clams"
"Cyprogenia stegaria","Fanshell","U.S.A. (TN - specified portions of the French Broad and Holston Rivers; see 17.85(b)(1))","4","Experimental Population, Non-Essential","Clams"
"Enhydra lutris kenyoni","Northern Sea Otter","Southwest Alaska DPS","7","Threatened","Mammals"
"Graptemys pulchra","Alabama Map turtle","Wherever found","4","Similarity of Appearance (Threatened)","Reptiles"
"Oncorhynchus gilae","Gila trout","Wherever found","2","Threatened","Fishes"
"Fusconaia escambia","Narrow pigtoe","Wherever found","4","Threatened","Clams"
"Hemistena lata","Cracking pearlymussel","U.S.A. (TN - specified portions of the French Broad and Holston Rivers; see 17.85(b)(1))","4","Experimental Population, Non-Essential","Clams"
"Leptoxis ampla","Round rocksnail","Wherever found","4","Threatened","Snails"
"Lycaeides argyrognomon lotis","Lotis blue butterfly","Wherever found","8","Endangered","Insects"
"Notropis topeka (=tristis)","Topeka shiner","Wherever found, except where listed as an experimental population","6","Endangered","Fishes"
"Branchinecta lynchi","Vernal pool fairy shrimp","Wherever found","8","Threatened","Crustaceans"
"Medionidus simpsonianus","Ochlockonee moccasinshell","Wherever found","4","Endangered","Clams"
"Plethobasus cicatricosus","White wartyback (pearlymussel)","Wherever found","4","Endangered","Clams"
"Epioblasma brevidens","Cumberlandian combshell","Wherever found; Except where listed as Experimental Populations","4","Endangered","Clams"
"Loxops mana","Hawaii creeper","Wherever found","1","Endangered","Birds"
"Epioblasma triquetra","Snuffbox mussel","Wherever found","3","Endangered","Clams"
"Plethobasus cooperianus","Orangefoot pimpleback (pearlymussel)","U.S.A. (TN - specified portions of the French Broad and Holston Rivers; see 17.85(b)(1))","4","Experimental Population, Non-Essential","Clams"
"Pseudemys rubriventris bangsi","Plymouth Redbelly Turtle = Plymouth Redbelly Cooter","Wherever found","5","Endangered","Reptiles"
"Gymnomyza samoensis","Mao (= maomao) (honeyeater)","Wherever found","1","Endangered","Birds"
"Gila elegans","Bonytail","Wherever found","6","Endangered","Fishes"
"Lampsilis bergmanni","Guadalupe Fatmucket","","2","Endangered","Clams"
"Thamnophis rufipunctatus","Narrow-headed gartersnake","Wherever found","2","Threatened","Reptiles"
"Epioblasma brevidens","Cumberlandian combshell","U.S.A. (TN - specified portions of the French Broad and Holston Rivers; see 17.85(b)(1))","4","Experimental Population, Non-Essential","Clams"
"Eretmochelys imbricata","Hawksbill sea turtle","Wherever found","4","Endangered","Reptiles"
"Eumeces egregius lividus","blue-tailed mole skink","Wherever found","4","Threatened","Reptiles"
"Rhadine exilis","[no common name] Beetle","Wherever found","2","Endangered","Insects"
"Cyprinodon nevadensis pectoralis","Warm Springs pupfish","Wherever found","8","Endangered","Fishes"
"Microtus pennsylvanicus dukecampbelli","Florida salt marsh vole","Wherever found","4","Endangered","Mammals"
"Epioblasma florentina walkeri (=E. walkeri)","Tan riffleshell","Wherever found","4","Endangered","Clams"
"Quadrula cylindrica cylindrica","Rabbitsfoot","Wherever found","4","Threatened","Clams"
"Cambarus zophonastes","Hell Creek Cave crayfish","Wherever found","4","Endangered","Crustaceans"
"Palaemonias alabamae","Alabama cave shrimp","Wherever found","4","Endangered","Crustaceans"
"Neonympha mitchellii mitchellii","Mitchell's satyr Butterfly","Wherever found","3","Endangered","Insects"
"Sternula antillarum browni","California least tern","Wherever found","8","Endangered","Birds"
"Icaricia icarioides fenderi","Fender's blue butterfly","Wherever found","1","Threatened","Insects"
"Lepyrium showalteri","Flat pebblesnail","Wherever found","4","Endangered","Snails"
"Canis rufus","Red wolf","U.S.A. (portions of NC and TN)","4","Experimental Population, Non-Essential","Mammals"
"Epioblasma brevidens","Cumberlandian combshell","AL; Free-Flowing Reach of the Tennessee River below the Wilson Dam, Colbert and Lauderdale Counties, AL","4","Experimental Population, Non-Essential","Clams"
"Plagopterus argentissimus","Woundfin","Gila R. drainage, AZ, NM","6","Experimental Population, Non-Essential","Fishes"
"Corynorhinus (=Plecotus) townsendii virginianus","Virginia big-eared bat","Wherever found","5","Endangered","Mammals"
"Fusconaia burkei","Tapered pigtoe","Wherever found","4","Threatened","Clams"
"Epioblasma capsaeformis","Oyster mussel","Wherever found; Except where listed as Experimental Populations","4","Endangered","Clams"
"Etheostoma etowahae","Etowah darter","Wherever found","4","Endangered","Fishes"
"Amazona vittata","Puerto Rican parrot","Wherever found","4","Endangered","Birds"
"Elassoma alabamae","Spring pygmy sunfish","Wherever found","4","Threatened","Fishes"
"Grus americana","Whooping crane","U.S.A. (CO, ID, FL, NM, UT, and the western half of Wyoming)","2","Experimental Population, Non-Essential","Birds"
"Peromyscus polionotus ammobates","Alabama beach mouse","Wherever found","4","Endangered","Mammals"
"Drosophila aglaia","Hawaiian picture-wing fly","Wherever found","1","Endangered","Insects"
"Scaphirhynchus suttkusi","Alabama sturgeon","Wherever found","4","Endangered","Fishes"
"Hamiota subangulata","Shinyrayed pocketbook","Wherever found","4","Endangered","Clams"
"Batrisodes texanus","Coffin Cave mold beetle","Wherever found","2","Endangered","Insects"
"Polysticta stelleri","Steller's Eider","AK breeding pop.","7","Threatened","Birds"
"Peromyscus gossypinus allapaticola","Key Largo cotton mouse","Wherever found","4","Endangered","Mammals"
"Tryonia cheatumi","Phantom Tryonia","Wherever found","2","Endangered","Snails"
"Pleurobema curtum","Black clubshell","Wherever found","4","Endangered","Clams"
"Lirceus usdagalun","Lee County cave isopod","Wherever found","5","Endangered","Crustaceans"
"Peromyscus polionotus peninsularis","St. Andrew beach mouse","Wherever found","4","Endangered","Mammals"
"Myadestes palmeri","Puaiohi","Wherever found","1","Endangered","Birds"
"Pseudonestor xanthophrys","Maui parrotbill (Kiwikiu)","Wherever found","1","Endangered","Birds"
"Medionidus penicillatus","Gulf moccasinshell","Wherever found","4","Endangered","Clams"
"Brachylagus idahoensis","Pygmy Rabbit","Columbia Basin DPS","1","Endangered","Mammals"
"Caretta caretta","Loggerhead sea turtle","Northwest Atlantic Ocean DPS","4","Threatened","Reptiles"
"Percina aurolineata","Goldline darter","Wherever found","4","Threatened","Fishes"
"Notropis mekistocholas","Cape Fear shiner","Wherever found","4","Endangered","Fishes"
"Potamilus inflatus","Inflated heelsplitter","Wherever found","4","Threatened","Clams"
"Etheostoma chermocki","Vermilion darter","Wherever found","4","Endangered","Fishes"
"Thamnophis gigas","Giant garter snake","Wherever found","8","Threatened","Reptiles"
"Brachyramphus marmoratus","Marbled Murrelet","U.S.A. (CA, OR, WA)","1","Threatened","Birds"
"Alasmidonta raveneliana","Appalachian elktoe","Wherever found","4","Endangered","Clams"
"Lioplax cyclostomaformis","Cylindrical lioplax (snail)","Wherever found","4","Endangered","Snails"
"Eremophila alpestris strigata","Streaked Horned lark","Wherever found","1","Threatened","Birds"
"Hemistena lata","Cracking pearlymussel","Wherever found; Except where listed as Experimental Populations","4","Endangered","Clams"
"Hylaeus assimulans","Assimulans yellow-faced bee","Wherever found","1","Endangered","Insects"
"Palaemonias ganteri","Kentucky cave shrimp","Wherever found","4","Endangered","Crustaceans"
"Hamiota perovalis","Orangenacre mucket","Wherever found","4","Threatened","Clams"
"Megalagrion nigrohamatum nigrolineatum","Blackline Hawaiian damselfly","Wherever found","1","Endangered","Insects"
"Campeloma decampi","Slender campeloma","Wherever found","4","Endangered","Snails"
"Gila bicolor ssp.","Hutton tui chub","Wherever found","1","Threatened","Fishes"
"Glyptemys muhlenbergii","bog turtle","U.S.A. (GA, NC, SC, TN, VA)","4","Similarity of Appearance (Threatened)","Reptiles"
"Hylaeus kuakea","Hawaiian yellow-faced bee","Wherever found","1","Endangered","Insects"
"Elliptio spinosa","Altamaha Spinymussel","Wherever found","4","Endangered","Clams"
"Macrhybopsis tetranema","Peppered chub","Wherever found","2","Endangered","Fishes"
"Adelocosa anops","Kauai cave wolf or pe'e pe'e maka 'ole spider","Wherever found","1","Endangered","Arachnids"
"Eleutherodactylus juanariveroi","Llanero Coqui","Wherever found","4","Endangered","Amphibians"
"Trichechus manatus","West Indian Manatee","Wherever found","4","Threatened","Mammals"
"Rana boylii","Foothill yellow-legged frog","South Coast Distinct Population Segment (South Coast DPS)","8","Endangered","Amphibians"
"Noturus crypticus","Chucky Madtom","Wherever found","4","Endangered","Fishes"
"Etheostoma wapiti","Boulder darter","Shoal Creek","4","Experimental Population, Non-Essential","Fishes"
"Thamnophis sirtalis tetrataenia","San Francisco garter snake","Wherever found","8","Endangered","Reptiles"
"Eurycea nana","San Marcos salamander","Wherever found","2","Threatened","Amphibians"
"Fusconaia cuneolus","Finerayed pigtoe","AL; Free-Flowing Reach of the Tennessee River below the Wilson Dam, Colbert and Lauderdale Counties, AL","4","Experimental Population, Non-Essential","Clams"
"Orconectes shoupi","Nashville crayfish","Wherever found","4","Endangered","Crustaceans"
"Zapus hudsonius preblei","Preble's meadow jumping mouse","wherever found","6","Threatened","Mammals"
"Euproserpinus euterpe","Kern primrose sphinx moth","Wherever found","8","Threatened","Insects"
"Pleurobema plenum","Rough pigtoe","Wherever found","4","Endangered","Clams"
"Centrocercus minimus","Gunnison sage-grouse","Wherever found","6","Threatened","Birds"
"Ptychobranchus jonesi","Southern kidneyshell","Wherever found","4","Endangered","Clams"
"Marstonia ogmorhaphe","Royal marstonia (snail)","Wherever found","4","Endangered","Snails"
"Stygobromus (=Stygonectes) pecki","Peck's cave amphipod","Wherever found","2","Endangered","Crustaceans"
"Leopardus (=Felis) pardalis","Ocelot","wherever found","2","Endangered","Mammals"
"Leptonycteris nivalis","Mexican long-nosed bat","Wherever found","2","Endangered","Mammals"
"Cyprogenia sp. cf. aberti","Ouachita fanshell","","4","Threatened","Clams"
"Oarisma poweshiek","Poweshiek skipperling","Wherever found","3","Endangered","Insects"
"Charadrius melodus","Piping Plover","[Great Lakes watershed DPS] - Great Lakes, watershed in States of IL, IN, MI, MN, NY, OH, PA, and WI and Canada (Ont.)","3","Endangered","Birds"
"Lasmigona decorata","Carolina heelsplitter","Wherever found","4","Endangered","Clams"
"Fusconaia cor","Shiny pigtoe","U.S.A. (TN - specified portions of the French Broad and Holston Rivers; see 17.85(b)(1))","4","Experimental Population, Non-Essential","Clams"
"Oncorhynchus clarkii stomias","Greenback Cutthroat trout","Wherever found","6","Threatened","Fishes"
"Antilocapra americana sonoriensis","Sonoran pronghorn","U.S.A. (AZ), Mexico","2","Experimental Population, Non-Essential","Mammals"
"Rana sevosa","dusky gopher frog","Wherever found","4","Endangered","Amphibians"
"Gila seminuda (=robusta)","Virgin River Chub","Wherever found","6","Endangered","Fishes"
"Gila bicolor ssp. snyderi","Owens Tui Chub","Wherever found","8","Endangered","Fishes"
"Hybognathus amarus","Rio Grande Silvery Minnow","Wherever found, except where listed as an experimental population","2","Endangered","Fishes"
"Megalagrion oceanicum","Oceanic Hawaiian damselfly","Wherever found","1","Endangered","Insects"
"Cryptobranchus alleganiensis alleganiensis","Eastern Hellbender","Missouri DPS","3","Endangered","Amphibians"
"Ptychobranchus greenii","Triangular Kidneyshell","Wherever found","4","Endangered","Clams"
"Thomomys mazama yelmensis","Yelm pocket gopher","Wherever found","1","Threatened","Mammals"
"Pegias fabula","Littlewing pearlymussel","Wherever found","4","Endangered","Clams"
"Grus americana","Whooping crane","U.S.A. (AL, AR, CO, FL, GA, ID, IL, IN, IA, KY, LA, MI, MN, MS, MO, NC, NM, OH, SC, TN, UT, VA, WI, WV, western half of WY)","2","Experimental Population, Non-Essential","Birds"
"Drosophila musaphilia","Hawaiian picture-wing fly","Wherever found","1","Endangered","Insects"
"Catostomus santaanae","Santa Ana sucker","3 CA river basins","8","Threatened","Fishes"
"Boloria acrocnema","Uncompahgre fritillary butterfly","Wherever found","6","Endangered","Insects"
"Ameiva polops","St. Croix ground lizard","Wherever found","4","Endangered","Reptiles"
"Callophrys mossii bayensis","San Bruno elfin butterfly","Wherever found","8","Endangered","Insects"
"Samoana fragilis","Fragile tree snail","Wherever found","1","Endangered","Snails"
"Rallus obsoletus yumanensis","Yuma Ridgway's rail","Wherever found","2","Endangered","Birds"
"Oncorhynchus aguabonita whitei","Little Kern golden Trout","Wherever found","8","Threatened","Fishes"
"Etheostoma percnurum","Duskytail darter","Wherever found","4","Endangered","Fishes"
"Villosa trabalis","Cumberland bean (pearlymussel)","AL; Free-Flowing Reach of the Tennessee River below the Wilson Dam, Colbert and Lauderdale Counties, AL","4","Experimental Population, Non-Essential","Clams"
"Chilabothrus granti","Virgin Islands tree boa","Wherever found","4","Endangered","Reptiles"
"Rana sierrae","Sierra Nevada Yellow-legged Frog","Wherever found","8","Endangered","Amphibians"
"Noturus furiosus","Carolina madtom","Wherever found","4","Endangered","Fishes"
"Potamilus capax","Fat pocketbook","Wherever found","4","Endangered","Clams"
"Peromyscus polionotus allophrys","Choctawhatchee beach mouse","Wherever found","4","Endangered","Mammals"
"Neoseps reynoldsi","Sand skink","Wherever found","4","Threatened","Reptiles"
"Peromyscus polionotus niveiventris","Southeastern beach mouse","wherever found","4","Threatened","Mammals"
"Lepidomeda mollispinis pratensis","Big Spring spinedace","Wherever found","8","Threatened","Fishes"
"Lepidomeda vittata","Little Colorado spinedace","Wherever found","2","Threatened","Fishes"
"Plethobasus cooperianus","Orangefoot pimpleback (pearlymussel)","Wherever found","4","Endangered","Clams"
"Desmocerus californicus dimorphus","Valley elderberry longhorn beetle","Wherever found","8","Threatened","Insects"
"Anaxyrus williamsi","Dixie Valley Toad","","8","Endangered","Amphibians"
"Stygoparnus comalensis","Comal Springs dryopid beetle","Wherever found","2","Endangered","Insects"
"Rana draytonii","California red-legged frog","Wherever found","8","Threatened","Amphibians"
"Cottus paulus (=pygmaeus)","Pygmy Sculpin","Wherever found","4","Threatened","Fishes"
"Calidris canutus rufa","rufa red knot","Wherever found","5","Threatened","Birds"
"Ovis canadensis sierrae","Sierra Nevada bighorn sheep","Sierra Nevada","8","Endangered","Mammals"
"Pyrgulopsis texana","Phantom Springsnail","Wherever found","2","Endangered","Snails"
"Loxops caeruleirostris","Akekee","Wherever found","1","Endangered","Birds"
"Notropis girardi","Arkansas River shiner","Arkansas River Basin (AR, KS, NM, OK, TX)","2","Threatened","Fishes"
"Theliderma sparsa","Appalachian monkeyface (pearlymussel)","Wherever found","5","Endangered","Clams"
"Vulpes macrotis mutica","San Joaquin kit fox","wherever found","8","Endangered","Mammals"
"Cyprinella formosa","Beautiful shiner","Wherever found","2","Threatened","Fishes"
"Athearnia anthonyi","Anthony's riversnail","AL; Free-Flowing Reach of the Tennessee River below the Wilson Dam, Colbert and Lauderdale Counties, AL","4","Experimental Population, Non-Essential","Snails"
"Anaxyrus californicus","Arroyo (=arroyo southwestern) toad","Wherever found","8","Endangered","Amphibians"
"Eua zebrina","Snail [no common name]","Wherever found","1","Endangered","Snails"
"Ellipsoptera puritana","Puritan tiger beetle","Wherever found","5","Threatened","Insects"
"Plethodon nettingi","Cheat Mountain salamander","Wherever found","5","Threatened","Amphibians"
"Zapus hudsonius luteus","New Mexico meadow jumping mouse","Wherever found","2","Endangered","Mammals"
"Bufo houstonensis","Houston toad","Wherever found","2","Endangered","Amphibians"
"Poeciliopsis occidentalis","Gila topminnow (incl. Yaqui)","Wherever found","2","Endangered","Fishes"
"Cyprinodon elegans","Comanche Springs pupfish","Wherever found","2","Endangered","Fishes"
"Lednia tumana","Meltwater lednian stonefly","Wherever found","6","Threatened","Insects"
"Numenius borealis","Eskimo curlew","Wherever found","7","Endangered","Birds"
"Emoia slevini","Slevin's skink","Wherever found","1","Endangered","Reptiles"
"Spirinchus thaleichthys","Longfin Smelt","San Francisco Bay-Delta DPS","8","Endangered","Fishes"
"Gopherus agassizii","Desert tortoise","AZ south and east of Colorado R., and Mexico, when found outside of Mexico or said range in AZ","8","Similarity of Appearance (Threatened)","Reptiles"
"Elliptio lanceolata","Yellow lance","Wherever found","4","Threatened","Clams"
"Toxolasma cylindrellus","Pale lilliput (pearlymussel)","Wherever found","4","Endangered","Clams"
"Scaphirhynchus platorynchus","Shovelnose Sturgeon","Wherever found","6","Similarity of Appearance (Threatened)","Fishes"
"Cambarus cracens","Slenderclaw crayfish","Wherever found","4","Endangered","Crustaceans"
"Procambarus econfinae","Panama City crayfish","Wherever found","4","Threatened","Crustaceans"
"Mesodon clarki nantahala","noonday snail","Wherever found","4","Threatened","Snails"
"Eleutherodactylus jasperi","Golden coqui","Wherever found","4","Threatened","Amphibians"
"Gila bicolor ssp. mohavensis","Mohave tui chub","Wherever found","8","Endangered","Fishes"
"Etheostoma nuchale","Watercress darter","Wherever found","4","Endangered","Fishes"
"Noturus baileyi","Smoky madtom","Tellico River, TN","4","Experimental Population, Non-Essential","Fishes"
"Somateria fischeri","Spectacled eider","Wherever found","7","Threatened","Birds"
"Lemiox rimosus","Birdwing pearlymussel","AL; Free-Flowing Reach of the Tennessee River below the Wilson Dam, Colbert, and Lauderdale Counties, AL","4","Experimental Population, Non-Essential","Clams"
"Rana muscosa","Mountain yellow-legged frog","Southern California DPS","8","Endangered","Amphibians"
"Medionidus parvulus","Coosa moccasinshell","Wherever found","4","Endangered","Clams"
"Todiramphus cinnamominus","Guam kingfisher","Wherever found","1","Endangered","Birds"
"Myotis septentrionalis","Northern Long-Eared Bat","Wherever found","3","Endangered","Mammals"
"Apodemia mormo langei","Lange's metalmark butterfly","Wherever found","8","Endangered","Insects"
"Idaholanx fresti","Banbury Springs limpet","Wherever found","1","Endangered","Snails"
"Pleurobema plenum","Rough pigtoe","U.S.A. (TN - specified portions of the French Broad and Holston Rivers; see 17.85(b)(1))","4","Experimental Population, Non-Essential","Clams"
"Rhynchopsitta pachyrhyncha","Thick-billed parrot","Wherever found","2","Endangered","Birds"
"Tulotoma magnifica","Tulotoma snail","Wherever found","4","Threatened","Snails"
"Drymarchon couperi","Eastern indigo snake","Wherever found","4","Threatened","Reptiles"
"Etheostoma percnurum","Duskytail darter","U.S.A. (TN - specified portions of the French Broad and Holston Rivers; see 17.84(q)(1)(ii))","4","Experimental Population, Non-Essential","Fishes"
"Grus americana","Whooping crane","U.S.A (Southwestern Louisiana)","2","Experimental Population, Non-Essential","Birds"
"Meda fulgida","Spikedace","Wherever found","2","Endangered","Fishes"
"Etheostoma susanae","Cumberland darter","Wherever found","4","Endangered","Fishes"
"Macrochelys suwanniensis","Suwannee alligator snapping turtle","","4","Threatened","Reptiles"
"Branta (=Nesochen) sandvicensis","Hawaiian goose","Wherever found","1","Threatened","Birds"
"Leptotes cassius theonus","Cassius Blue Butterfly","Wherever found","4","Similarity of Appearance (Threatened)","Insects"
"Tympanuchus pallidicinctus","Lesser prairie-chicken","Northern DPS","2","Threatened","Birds"
"Etheostoma rubrum","Bayou darter","Wherever found","4","Threatened","Fishes"
"Fusconaia mitchelli","false spike","Wherever found","2","Endangered","Clams"
"Moapa coriacea","Moapa dace","Wherever found","8","Endangered","Fishes"
"Gulo gulo luscus","North American wolverine","Wherever found","6","Threatened","Mammals"
"Todiramphus cinnamominus","Guam kingfisher","","1","Experimental Population, Non-Essential","Birds"
"Fusconaia cor","Shiny pigtoe","Wherever found; Except where listed as Experimental Populations","4","Endangered","Clams"
"Notropis topeka (=tristis)","Topeka shiner","U.S.A. (MO-specified portions of Little Creek, Big Muddy Creek, and Spring Creek watersheds in Adair, Gentry, Harrison, Putnam, Sullivan, and Worth Counties; see 17.84(d)(1)(i))","3","Experimental Population, Non-Essential","Fishes"
"Cottus specus","Grotto Sculpin","Wherever found","3","Endangered","Fishes"
"Pseudemys alabamensis","Alabama red-bellied turtle","Wherever found","4","Endangered","Reptiles"
"Speyeria callippe callippe","Callippe silverspot butterfly","Wherever found","8","Endangered","Insects"
"Rana boylii","Foothill yellow-legged frog","Central Coast Distinct Population Segment (Central Coast DPS)","8","Threatened","Amphibians"
"Gallinula chloropus guami","Mariana common moorhen (pulattat)","Wherever found","1","Endangered","Birds"
"Lepidochelys kempii","Kemp's ridley sea turtle","Wherever found","2","Endangered","Reptiles"
"Epioblasma penita","Southern combshell","Wherever found","4","Endangered","Clams"
"Alasmidonta heterodon","Dwarf wedgemussel","Wherever found","5","Endangered","Clams"
"Hybognathus amarus","Rio Grande Silvery Minnow","Rio Grande, from Little Box Canyon to Amistad Dam","2","Experimental Population, Non-Essential","Fishes"
"Pyrgulopsis chupaderae","Chupadera springsnail","Wherever found","2","Endangered","Snails"
"Graptemys gibbonsi","Pascagoula map turtle","Wherever found","4","Similarity of Appearance (Threatened)","Reptiles"
"Speyeria zerene behrensii","Behren's silverspot butterfly","Wherever found","8","Endangered","Insects"
"Elimia crenatella","Lacy elimia (snail)","Wherever found","4","Threatened","Snails"
"Kinosternon sonoriense longifemorale","Sonoyta mud turtle","Wherever found","2","Endangered","Reptiles"
"Gammarus desperatus","Noel's Amphipod","Wherever found","2","Endangered","Crustaceans"
"Ambystoma californiense","California tiger Salamander","U.S.A. (CA - Sonoma County)","8","Endangered","Amphibians"
"Nicrophorus americanus","American burying beetle","Ex Pop, SW Missouri","3","Experimental Population, Non-Essential","Insects"
"Tartarocreagris texana","Tooth Cave pseudoscorpion","Wherever found","2","Endangered","Arachnids"
"Microhexura montivaga","Spruce-fir moss spider","Wherever found","4","Endangered","Arachnids"
"Graptemys barbouri","Barbour's map turtle","Wherever found","4","Similarity of Appearance (Threatened)","Reptiles"
"Puma (=Felis) concolor coryi","Florida panther","Wherever found","4","Endangered","Mammals"
"Eurycea naufragia","Georgetown Salamander","Wherever found","2","Threatened","Amphibians"
"Gila intermedia","Gila chub","Wherever found","2","Endangered","Fishes"
"Peltophryne lemur","Puerto Rican crested toad","Wherever found","4","Threatened","Amphibians"
"Acipenser transmontanus","White sturgeon","U.S.A. (ID, MT), Canada (B.C.), Kootenai R. system","1","Endangered","Fishes"
"Ambystoma californiense","California tiger Salamander","U.S.A. (Central CA DPS)","8","Threatened","Amphibians"
"Puma yagouaroundi cacomitli","Gulf Coast jaguarundi","Wherever found","2","Endangered","Mammals"
"Colinus virginianus ridgwayi","Masked bobwhite (quail)","Wherever found","2","Endangered","Birds"
"Pituophis ruthveni","Louisiana pinesnake","Wherever found","4","Threatened","Reptiles"
"Euphilotes enoptes smithi","Smith's blue butterfly","Wherever found","8","Endangered","Insects"
"Drosophila tarphytrichia","Hawaiian picture-wing fly","Wherever found","1","Endangered","Insects"
"Graptemys oculifera","Ringed map turtle","Wherever found","4","Threatened","Reptiles"
"Cynomys parvidens","Utah prairie dog","Wherever found","6","Threatened","Mammals"
"Cyprinodon macularius","Desert pupfish","Wherever found","2","Endangered","Fishes"
"Ursus arctos horribilis","Grizzly bear","North Cascades Ecosystem Non-Essential Experimental Population","1","Experimental Population, Non-Essential","Mammals"
"Gammarus acherondytes","Illinois cave amphipod","Wherever found","3","Endangered","Crustaceans"
"Rangifer tarandus ssp. caribou","Southern Mountain Caribou DPS","Southern Mountain DPS","1","Endangered","Mammals"
"Mycteria americana","Wood stork","AL, FL, GA, MS, NC, SC","4","Threatened","Birds"
"Lampsilis bracteata","Texas fatmucket","Wherever found","2","Endangered","Clams"
"Lycaena hermes","Hermes copper butterfly","Wherever found","8","Threatened","Insects"
"Ptychocheilus lucius","Colorado pikeminnow","Salt and Verde R. drainages, AZ","6","Experimental Population, Non-Essential","Fishes"
"Euphydryas editha bayensis","Bay checkerspot butterfly","Wherever found","8","Threatened","Insects"
"Plagopterus argentissimus","Woundfin","Wherever found, except where listed as an experimental population","6","Endangered","Fishes"
"Assiminea pecos","Pecos assiminea snail","Wherever found","2","Endangered","Snails"
"Chelonia mydas","Green sea turtle","South Atlantic DPS","4","Threatened","Reptiles"
"Chilabothrus inornatus","Puerto Rican boa","Wherever found","4","Endangered","Reptiles"
"Charadrius nivosus nivosus","Western Snowy Plover","Pacific Coast population DPS-U.S.A. (CA, OR, WA), Mexico (within 50 miles of Pacific coast)","8","Threatened","Birds"
"Neotoma floridana smalli","Key Largo woodrat","Wherever found","4","Endangered","Mammals"
"Erimonax monachus","Spotfin Chub","U.S.A. (AL, TN-specified portions of Shoal Creek; see 17.84(m)(1)(ii))","4","Experimental Population, Non-Essential","Fishes"
"Gambusia heterochir","Clear Creek gambusia","Wherever found","2","Endangered","Fishes"
"Dionda diaboli","Devils River minnow","Wherever found","2","Threatened","Fishes"
"Bombus franklini","Franklin's bumble bee","Wherever found","1","Endangered","Insects"
"Pterodroma sandwichensis","Hawaiian petrel","Wherever found","1","Endangered","Birds"
"Empetrichthys latos","Pahrump poolfish","Wherever found","8","Endangered","Fishes"
"Epioblasma perobliqua","White catspaw (pearlymussel)","Wherever found","3","Endangered","Clams"
"Crystallaria cincotta","diamond Darter","Wherever found","5","Endangered","Fishes"
"Pekania pennanti","Fisher","SSN DPS","8","Endangered","Mammals"
"Icaricia (Plebejus) shasta charlestonensis","Mount Charleston blue butterfly","Wherever found","8","Endangered","Insects"
"Drosophila heteroneura","Hawaiian picture-wing fly","Wherever found","1","Endangered","Insects"
"Athearnia anthonyi","Anthony's riversnail","U.S.A. (TN - specified portions of the French Broad and Holston Rivers; see 17.85(b)(1))","4","Experimental Population, Non-Essential","Snails"
"Bison bison athabascae","Wood Bison","Wherever found","7","Threatened","Mammals"
"Hylaeus hilaris","Hilaris yellow-faced bee","Wherever found","1","Endangered","Insects"
"Etheostoma osburni","Candy darter","Wherever found","5","Endangered","Fishes"
"Urocitellus brunneus","Northern Idaho Ground Squirrel","Wherever found","1","Threatened","Mammals"
"Pleurobema hanleyianum","Georgia pigtoe","Wherever found","4","Endangered","Clams"
"Megalagrion nesiotes","Flying earwig Hawaiian damselfly","Wherever found","1","Endangered","Insects"
"Ostodes strigatus","Snail [no common name]","Wherever found","1","Endangered","Snails"
"Accipiter striatus venator","Puerto Rican sharp-shinned hawk","Wherever found","4","Endangered","Birds"
"Canis lupus","Gray wolf","CO","6","Experimental Population, Non-Essential","Mammals"
"Dipodomys ingens","Giant kangaroo rat","Wherever found","8","Endangered","Mammals"
"Puffinus newelli","Newell''s shearwater","Wherever found","1","Threatened","Birds"
"Hylaeus longiceps","Hawaiian yellow-faced bee","Wherever found","1","Endangered","Insects"
"Epioblasma capsaeformis","Oyster mussel","U.S.A. (TN - specified portions of the French Broad and Holston Rivers; see 17.85(b)(1))","4","Experimental Population, Non-Essential","Clams"
"Pleurobema clava","Clubshell","AL; Free-Flowing Reach of the Tennessee River below the Wilson Dam, Colbert and Lauderdale Counties, AL","4","Experimental Population, Non-Essential","Clams"
"Graptemys pearlensis","Pearl River Map Turtle","","4","Threatened","Reptiles"
"Rana pretiosa","Oregon spotted frog","Wherever found","1","Threatened","Amphibians"
"Urocyon littoralis catalinae","Santa Catalina Island Fox","Wherever found","8","Threatened","Mammals"
"Pleurobema furvum","Dark pigtoe","Wherever found","4","Endangered","Clams"
"Cicurina baronia","Robber Baron Cave Meshweaver","Wherever found","2","Endangered","Arachnids"
"Crenichthys nevadae","Railroad Valley springfish","Wherever found","8","Threatened","Fishes"
"Etheostoma boschungi","Slackwater darter","Wherever found","4","Threatened","Fishes"
"Cyclargus thomasi bethunebakeri","Miami Blue Butterfly","Wherever found","4","Endangered","Insects"
"Ptychocheilus lucius","Colorado pikeminnow","Wherever found, except where listed as an experimental population","6","Endangered","Fishes"
"Hypolimnas octocula marianensis","Mariana eight-spot butterfly","Wherever found","1","Endangered","Insects"
"Caretta caretta","Loggerhead sea turtle","North Pacific Ocean DPS","1","Endangered","Reptiles"
"Eurycea sosorum","Barton Springs salamander","Wherever found","2","Endangered","Amphibians"
"Puma (=Felis) concolor (all subsp. except coryi)","Puma (=mountain lion)","FL","4","Similarity of Appearance (Threatened)","Mammals"
"Epicrates monensis monensis","Mona boa","Wherever found","4","Threatened","Reptiles"
"Rhinichthys osculus thermalis","Kendall Warm Springs dace","Wherever found","6","Endangered","Fishes"
"Pleurobema pyriforme","Oval pigtoe","Wherever found","4","Endangered","Clams"
"Cyprinodon bovinus","Leon Springs pupfish","Wherever found","2","Endangered","Fishes"
"Lagopus leucura rainierensis","Mt. Rainier white-tailed ptarmigan","Wherever found","1","Threatened","Birds"
"Tamias minimus atristriatus","Penasco least chipmunk","Wherever found","2","Endangered","Mammals"
"Rhaphiomidas terminatus abdominalis","Delhi Sands flower-loving fly","Wherever found","8","Endangered","Insects"
"Aphelocoma coerulescens","Florida scrub-jay","Wherever found","4","Threatened","Birds"
"Dipodomys heermanni morroensis","Morro Bay kangaroo rat","Wherever found","8","Endangered","Mammals"
"Crenichthys baileyi baileyi","White River springfish","Wherever found","8","Endangered","Fishes"
"Fusconaia cuneolus","Finerayed pigtoe","U.S.A. (TN - specified portions of the French Broad and Holston Rivers; see 17.85(b)(1))","4","Experimental Population, Non-Essential","Clams"
"Amblema neislerii","Fat threeridge (mussel)","Wherever found","4","Endangered","Clams"
"Rhadine infernalis","[no common name] Beetle","Wherever found","2","Endangered","Insects"
"Cyclura stejnegeri","Mona ground Iguana","Wherever found","4","Threatened","Reptiles"
"Hemiargus ceraunus antibubastus","Ceraunus Blue Butterfly","Wherever found","4","Similarity of Appearance (Threatened)","Insects"
"Arcidens wheeleri","Ouachita rock pocketbook","Wherever found","2","Endangered","Clams"
"Zosterops rotensis","Rota bridled white-eye","Wherever found","1","Endangered","Birds"
"Odocoileus virginianus clavium","Key deer","Wherever found","4","Endangered","Mammals"
"Myotis grisescens","Gray bat","Wherever found","3","Endangered","Mammals"
"Gila cypha","Humpback chub","Wherever found","6","Threatened","Fishes"
"Chelonia mydas","Green sea turtle","Central South Pacific DPS","1","Endangered","Reptiles"
"Leptoxis taeniata","Painted rocksnail","Wherever found","4","Threatened","Snails"
"Dryobates borealis","Red-cockaded woodpecker","Wherever found","4","Threatened","Birds"
"Polyphylla barbata","Mount Hermon June beetle","Wherever found","8","Endangered","Insects"
"Anguispira picta","Painted snake coiled forest snail","Wherever found","4","Threatened","Snails"
"Glaucopsyche lygdamus palosverdesensis","Palos Verdes blue butterfly","Wherever found","8","Endangered","Insects"
"Etheostoma percnurum","Duskytail darter","Tellico River, TN","4","Experimental Population, Non-Essential","Fishes"
"Ambystoma bishopi","Reticulated flatwoods salamander","Wherever found","4","Endangered","Amphibians"
"Sternotherus depressus","Flattened musk turtle","Black Warrior R. system upstream from Bankhead Dam","4","Threatened","Reptiles"
"Ambystoma mavortium stebbinsi","Sonoran tiger salamander","Wherever found","2","Endangered","Amphibians"
"Coccyzus americanus","Yellow-billed Cuckoo","Western U.S. DPS","2","Threatened","Birds"
"Pituophis melanoleucus lodingi","Black pinesnake","Wherever found","4","Threatened","Reptiles"
"Drosophila neoclavisetae","Hawaiian picture-wing fly","Wherever found","1","Endangered","Insects"
"Catostomus warnerensis","Warner sucker","Wherever found","1","Threatened","Fishes"
"Plethodon shenandoah","Shenandoah salamander","Wherever found","5","Endangered","Amphibians"
"Lampsilis virescens","Alabama lampmussel","AL; Free-Flowing Reach of the Tennessee River below the Wilson Dam, Colbert and Lauderdale Counties, AL","4","Experimental Population, Non-Essential","Clams"
"Rhinichthys osculus oligoporus","Clover Valley speckled dace","Wherever found","8","Endangered","Fishes"
"Uma inornata","Coachella Valley fringe-toed lizard","Wherever found","8","Threatened","Reptiles"
"Faxonius quadruncus","St. Francis River Crayfish","","3","Threatened","Crustaceans"
"Neonympha mitchellii francisci","Saint Francis' satyr butterfly","Wherever found","4","Endangered","Insects"
"Hamiota australis","Southern Sandshell","Wherever found","4","Threatened","Clams"
"Obovaria choctawensis","Choctaw bean","Wherever found","4","Endangered","Clams"
"Noturus stanauli","Pygmy madtom","U.S.A. (TN - specified portions of the French Broad and Holston Rivers; see 17.84(t)(1)(i))","4","Experimental Population, Non-Essential","Fishes"
"Noturus flavipinnis","Yellowfin madtom","U.S.A. (TN - specified portions of the French Broad and Holston Rivers; see 17.84(e)(1)(iii))","4","Experimental Population, Non-Essential","Fishes"
"Newcombia cumingi","Newcomb's Tree snail","Wherever found","1","Endangered","Snails"
"Tympanuchus pallidicinctus","Lesser prairie-chicken","Southern DPS","2","Endangered","Birds"
"Gambelia silus","Blunt-nosed leopard lizard","Wherever found","8","Endangered","Reptiles"
"Pleurobema georgianum","Southern pigtoe","Wherever found","4","Endangered","Clams"
"Vireo bellii pusillus","Least Bell's vireo","Wherever found","8","Endangered","Birds"
"Rana boylii","Foothill yellow-legged frog","North Feather Distinct Population Segment (North Feather DPS)","8","Threatened","Amphibians"
"Theliderma intermedia","Cumberland monkeyface (pearlymussel)","AL; Free-Flowing Reach of the Tennessee River below the Wilson Dam, Colbert and Lauderdale Counties, AL","4","Experimental Population, Non-Essential","Clams"
"Thamnophis eques megalops","Northern Mexican gartersnake","Wherever found","2","Threatened","Reptiles"
"Texella reyesi","Bone Cave harvestman","Wherever found","2","Endangered","Arachnids"
"Spelaeorchestia koloana","Kauai cave amphipod","Wherever found","1","Endangered","Crustaceans"
"Salvelinus confluentus","Bull Trout","U.S.A., coterminous, lower 48 states","1","Threatened","Fishes"
"Euphydryas editha quino (=E. e. wrighti)","Quino checkerspot butterfly","Wherever found","8","Endangered","Insects"
"Triodopsis platysayoides","Flat-spired three-toothed Snail","Wherever found","5","Threatened","Snails"
"Chelonia mydas","Green sea turtle","Central North Pacific DPS","1","Threatened","Reptiles"
"Ambystoma macrodactylum croceum","Santa Cruz long-toed salamander","Wherever found","8","Endangered","Amphibians"
"Tamiasciurus fremonti grahamensis","Mount Graham red squirrel","Wherever found","2","Endangered","Mammals"
"Plethodon neomexicanus","Jemez Mountains salamander","Wherever found","2","Endangered","Amphibians"
"Gallirallus owstoni","Guam rail","Rota","1","Experimental Population, Non-Essential","Birds"
"Epioblasma rangiana","Northern riffleshell","Wherever found","5","Endangered","Clams"
"Megalagrion leptodemas","Crimson Hawaiian damselfly","Wherever found","1","Endangered","Insects"
"Etheostoma trisella","Trispot darter","Wherever found","4","Threatened","Fishes"
"Hydrobates castro","Band-rumped Storm-petrel","USA (HI)","1","Endangered","Birds"
"Margaritifera hembeli","Louisiana pearlshell","Wherever found","4","Threatened","Clams"
"Partula langfordi","Langford's tree snail","Wherever found","1","Endangered","Snails"
"Alligator mississippiensis","American alligator","Wherever found","4","Similarity of Appearance (Threatened)","Reptiles"
"Pleurobema strodeanum","Fuzzy pigtoe","Wherever found","4","Threatened","Clams"
"Fusconaia iheringi","Balcones spike","","2","Endangered","Clams"
"Brychius hungerfordi","Hungerford's crawling water Beetle","Wherever found","3","Endangered","Insects"
"Acrocephalus familiaris kingi","Nihoa millerbird (old world warbler)","Wherever found","1","Endangered","Birds"
"Oreomystis bairdi","Akikiki","Wherever found","1","Endangered","Birds"
"Fundulus julisia","Barrens topminnow","Wherever found","4","Endangered","Fishes"
"Eurycea waterlooensis","Austin blind Salamander","Wherever found","2","Endangered","Amphibians"
"Lycaeides melissa samuelis","Karner blue butterfly","Wherever found","3","Endangered","Insects"
"Chelonia mydas","Green sea turtle","Central West Pacific DPS","1","Endangered","Reptiles"
"Agelaius xanthomus","Yellow-shouldered blackbird","Wherever found","4","Endangered","Birds"
"Neotoma fuscipes riparia","Riparian woodrat (=San Joaquin Valley)","Wherever found","8","Endangered","Mammals"
"Plethobasus cyphyus","Sheepnose Mussel","Wherever found","3","Endangered","Clams"
"Rana chiricahuensis","Chiricahua leopard frog","Wherever found","2","Threatened","Amphibians"
"Hypomesus transpacificus","Delta smelt","Wherever found","8","Threatened","Fishes"
"Noturus munitus","Frecklebelly madtom","Upper Coosa River DPS","4","Threatened","Fishes"
"Erimonax monachus","Spotfin Chub","U.S.A. (TN-specified portions of the French Broad and Holston Rivers; see 17.84(m)(1)(iii))","4","Experimental Population, Non-Essential","Fishes"
"Eurycea tonkawae","Jollyville Plateau Salamander","Wherever found","2","Threatened","Amphibians"
"Anas wyvilliana","Hawaiian duck","Wherever found","1","Endangered","Birds"
"Dipodomys merriami parvus","San Bernardino Merriam's kangaroo rat","Wherever found","8","Endangered","Mammals"
"Odocoileus virginianus leucurus","Columbian white-tailed deer","Columbia River DPS","1","Threatened","Mammals"
"Emballonura semicaudata semicaudata","Pacific sheath-tailed Bat","American Samoa","1","Endangered","Mammals"
"Hylaeus mana","Hawaiian yellow-faced bee","Wherever found","1","Endangered","Insects"
"Reginaia rotulata","Round Ebonyshell","Wherever found","4","Endangered","Clams"
"Antrobia culveri","Tumbling Creek cavesnail","Wherever found","3","Endangered","Snails"
"Cyclonaias petrina","Texas pimpleback","Wherever found","2","Endangered","Clams"
"Leptoxis foremani","Interrupted (=Georgia) Rocksnail","Wherever found","4","Endangered","Snails"
"Peromyscus polionotus trissyllepsis","Perdido Key beach mouse","Wherever found","4","Endangered","Mammals"
"Pteropus mariannus mariannus","Mariana fruit Bat (=Mariana flying fox)","Wherever found","1","Threatened","Mammals"
"Branchinecta longiantenna","Longhorn fairy shrimp","Wherever found","8","Endangered","Crustaceans"
"Panthera onca","Jaguar","Wherever found","2","Endangered","Mammals"
"Drosophila mulli","Hawaiian picture-wing fly","Wherever found","1","Threatened","Insects"
"Mustela nigripes","Black-footed ferret","U.S.A. (WY and specified portions of AZ, CO, MT, SD, and UT, see 17.84(g)(9))","6","Experimental Population, Non-Essential","Mammals"
"Faxonius peruncus","Big Creek Crayfish","","3","Threatened","Crustaceans"
"Glaucomys sabrinus coloratus","Carolina northern flying squirrel","Wherever found","4","Endangered","Mammals"
"Manduca blackburni","Blackburn's sphinx moth","Wherever found","1","Endangered","Insects"
"Tryonia circumstriata (=stocktonensis)","Gonzales tryonia","Wherever found","2","Endangered","Snails"
"Branchinecta conservatio","Conservancy fairy shrimp","Wherever found","8","Endangered","Crustaceans"
"Empidonax traillii extimus","Southwestern willow flycatcher","Wherever found","2","Endangered","Birds"
"Gasterosteus aculeatus williamsoni","Unarmored threespine stickleback","Wherever found","8","Endangered","Fishes"
"Strix occidentalis lucida","Mexican spotted owl","Wherever found","2","Threatened","Birds"
"Canis rufus","Red wolf","Wherever found, except where listed as an experimental population","4","Endangered","Mammals"
"Falco femoralis septentrionalis","Northern Aplomado Falcon","U.S.A (AZ, NM)","2","Experimental Population, Non-Essential","Birds"
"Necturus lewisi","Neuse River waterdog","Wherever found","4","Threatened","Amphibians"
"Canis lupus","Gray wolf","U.S.A.: All of AL, AR, CA, CO, CT, DE, FL, GA, IA, IN, IL, KS, KY, LA, MA, MD, ME, MI, MO, MS, NC, ND, NE, NH, NJ, NV, NY, OH, OK, PA, RI, SC, SD, TN, TX, VA, VT, WI, and WV; and portions of AZ, NM, OR, UT, and WA. Mexico.","6","Endangered","Mammals"
"Oryzomys palustris natator","Silver rice rat","lower FL Keys","4","Endangered","Mammals"
"Pleurobema perovatum","Ovate clubshell","Wherever found","4","Endangered","Clams"
"Percina pantherina","Leopard darter","Wherever found","2","Threatened","Fishes"
"Antrostomus noctitherus","Puerto Rican nightjar","Wherever found","4","Endangered","Birds"
"Cyclargus ammon","Nickerbean Blue Butterfly","Wherever found","4","Similarity of Appearance (Threatened)","Insects"
"Ursus maritimus","Polar bear","Wherever found","7","Threatened","Mammals"
"Ursus arctos horribilis","Grizzly bear","U.S.A., conterminous (lower 48) States, except where listed as an experimental population","6","Threatened","Mammals"
"Drosophila substenoptera","Hawaiian picture-wing fly","Wherever found","1","Endangered","Insects"
"Microtus californicus scirpensis","Amargosa vole","Wherever found","8","Endangered","Mammals"
"Icaricia icarioides missionensis","Mission blue butterfly","Wherever found","8","Endangered","Insects"
"Chelonia mydas","Green sea turtle","East Pacific DPS","8","Threatened","Reptiles"
"Eumops floridanus","Florida bonneted bat","Wherever found","4","Endangered","Mammals"
"Quadrula fragosa","Winged Mapleleaf","Wherever found, except where listed as an experimental population","3","Endangered","Clams"
"Notropis simus pecosensis","Pecos bluntnose shiner","Wherever found","2","Threatened","Fishes"
"Megapodius laperouse","Micronesian megapode","Wherever found","1","Endangered","Birds"
"Dipodomys stephensi (incl. D. cascus)","Stephens' kangaroo rat","Wherever found","8","Threatened","Mammals"
"Planorbella magnifica","Magnificent ramshorn","Wherever found","4","Endangered","Snails"
"Heterelmis comalensis","Comal Springs riffle beetle","Wherever found","2","Endangered","Insects"
"Texella cokendolpheri","Cokendolpher Cave Harvestman","Wherever found","2","Endangered","Arachnids"
"Cyprinella caerulea","Blue shiner","Wherever found","4","Threatened","Fishes"
"Lemiox rimosus","Birdwing pearlymussel","U.S.A. (TN - specified portions of the French Broad and Holston Rivers; see 17.85(b)(1))","4","Experimental Population, Non-Essential","Clams"
"Villosa fabalis","Rayed Bean","Wherever found","3","Endangered","Clams"
"Drosophila obatai","Hawaiian picture-wing fly","Wherever found","1","Endangered","Insects"
"Rostrhamus sociabilis plumbeus","Everglade snail kite","Wherever found","4","Endangered","Birds"
"Thermosphaeroma thermophilus","Socorro isopod","Wherever found","2","Endangered","Crustaceans"
"Strix occidentalis caurina","Northern spotted owl","Wherever found","1","Threatened","Birds"
"Rallus obsoletus levipes","Light-footed Ridgway''s rail","Wherever found","8","Endangered","Birds"